feature/433-mgc_superblue11_a-util_0.85.npy,label/433-mgc_superblue11_a-util_0.85.npy
feature/436-mgc_superblue11_a-util_0.85.npy,label/436-mgc_superblue11_a-util_0.85.npy
feature/439-mgc_superblue11_a-util_0.9.npy,label/439-mgc_superblue11_a-util_0.9.npy
feature/441-mgc_superblue11_a-util_0.75.npy,label/441-mgc_superblue11_a-util_0.75.npy
feature/442-mgc_superblue11_a-util_0.8.npy,label/442-mgc_superblue11_a-util_0.8.npy
feature/444-mgc_superblue11_a-util_0.75.npy,label/444-mgc_superblue11_a-util_0.75.npy
feature/447-mgc_superblue11_a-util_0.85.npy,label/447-mgc_superblue11_a-util_0.85.npy
feature/449-mgc_superblue11_a-util_0.9.npy,label/449-mgc_superblue11_a-util_0.9.npy
feature/452-mgc_superblue11_a-util_0.85.npy,label/452-mgc_superblue11_a-util_0.85.npy
feature/454-mgc_superblue11_a-util_0.75.npy,label/454-mgc_superblue11_a-util_0.75.npy
feature/458-mgc_superblue11_a-util_0.8.npy,label/458-mgc_superblue11_a-util_0.8.npy
feature/459-mgc_superblue11_a-util_0.8.npy,label/459-mgc_superblue11_a-util_0.8.npy
feature/466-mgc_superblue11_a-util_0.8.npy,label/466-mgc_superblue11_a-util_0.8.npy
feature/467-mgc_superblue11_a-util_0.8.npy,label/467-mgc_superblue11_a-util_0.8.npy
feature/473-mgc_superblue11_a-util_0.7.npy,label/473-mgc_superblue11_a-util_0.7.npy
feature/475-mgc_superblue11_a-util_0.9.npy,label/475-mgc_superblue11_a-util_0.9.npy
feature/478-mgc_superblue11_a-util_0.7.npy,label/478-mgc_superblue11_a-util_0.7.npy
feature/481-mgc_superblue11_a-util_0.9.npy,label/481-mgc_superblue11_a-util_0.9.npy
feature/482-mgc_superblue11_a-util_0.75.npy,label/482-mgc_superblue11_a-util_0.75.npy
feature/484-mgc_superblue11_a-util_0.85.npy,label/484-mgc_superblue11_a-util_0.85.npy
feature/489-mgc_superblue11_a-util_0.7.npy,label/489-mgc_superblue11_a-util_0.7.npy
feature/492-mgc_superblue11_a-util_0.9.npy,label/492-mgc_superblue11_a-util_0.9.npy
feature/496-mgc_superblue11_a-util_0.75.npy,label/496-mgc_superblue11_a-util_0.75.npy
feature/499-mgc_superblue11_a-util_0.75.npy,label/499-mgc_superblue11_a-util_0.75.npy
feature/501-mgc_superblue11_a-util_0.85.npy,label/501-mgc_superblue11_a-util_0.85.npy
feature/505-mgc_superblue11_a-util_0.9.npy,label/505-mgc_superblue11_a-util_0.9.npy
feature/507-mgc_superblue11_a-util_0.7.npy,label/507-mgc_superblue11_a-util_0.7.npy
feature/508-mgc_superblue11_a-util_0.7.npy,label/508-mgc_superblue11_a-util_0.7.npy
feature/515-mgc_superblue11_a-util_0.8.npy,label/515-mgc_superblue11_a-util_0.8.npy
feature/517-mgc_superblue11_a-util_0.7.npy,label/517-mgc_superblue11_a-util_0.7.npy
