feature/398-mgc_superblue14-util_0.85.npy,label/398-mgc_superblue14-util_0.85.npy
feature/430-mgc_superblue14-util_0.85.npy,label/430-mgc_superblue14-util_0.85.npy
feature/432-mgc_superblue14-util_0.8.npy,label/432-mgc_superblue14-util_0.8.npy
feature/435-mgc_superblue14-util_0.8.npy,label/435-mgc_superblue14-util_0.8.npy
feature/437-mgc_superblue14-util_0.85.npy,label/437-mgc_superblue14-util_0.85.npy
feature/438-mgc_superblue14-util_0.8.npy,label/438-mgc_superblue14-util_0.8.npy
feature/445-mgc_superblue14-util_0.7.npy,label/445-mgc_superblue14-util_0.7.npy
feature/446-mgc_superblue14-util_0.9.npy,label/446-mgc_superblue14-util_0.9.npy
feature/453-mgc_superblue14-util_0.8.npy,label/453-mgc_superblue14-util_0.8.npy
feature/455-mgc_superblue14-util_0.9.npy,label/455-mgc_superblue14-util_0.9.npy
feature/456-mgc_superblue14-util_0.75.npy,label/456-mgc_superblue14-util_0.75.npy
feature/457-mgc_superblue14-util_0.8.npy,label/457-mgc_superblue14-util_0.8.npy
feature/460-mgc_superblue14-util_0.9.npy,label/460-mgc_superblue14-util_0.9.npy
feature/463-mgc_superblue14-util_0.7.npy,label/463-mgc_superblue14-util_0.7.npy
feature/468-mgc_superblue14-util_0.75.npy,label/468-mgc_superblue14-util_0.75.npy
feature/470-mgc_superblue14-util_0.75.npy,label/470-mgc_superblue14-util_0.75.npy
feature/471-mgc_superblue14-util_0.75.npy,label/471-mgc_superblue14-util_0.75.npy
feature/472-mgc_superblue14-util_0.8.npy,label/472-mgc_superblue14-util_0.8.npy
feature/483-mgc_superblue14-util_0.75.npy,label/483-mgc_superblue14-util_0.75.npy
feature/486-mgc_superblue14-util_0.7.npy,label/486-mgc_superblue14-util_0.7.npy
feature/487-mgc_superblue14-util_0.9.npy,label/487-mgc_superblue14-util_0.9.npy
feature/488-mgc_superblue14-util_0.75.npy,label/488-mgc_superblue14-util_0.75.npy
feature/491-mgc_superblue14-util_0.7.npy,label/491-mgc_superblue14-util_0.7.npy
feature/495-mgc_superblue14-util_0.85.npy,label/495-mgc_superblue14-util_0.85.npy
feature/497-mgc_superblue14-util_0.85.npy,label/497-mgc_superblue14-util_0.85.npy
feature/498-mgc_superblue14-util_0.7.npy,label/498-mgc_superblue14-util_0.7.npy
feature/503-mgc_superblue14-util_0.9.npy,label/503-mgc_superblue14-util_0.9.npy
feature/509-mgc_superblue14-util_0.85.npy,label/509-mgc_superblue14-util_0.85.npy
feature/511-mgc_superblue14-util_0.7.npy,label/511-mgc_superblue14-util_0.7.npy
feature/513-mgc_superblue14-util_0.9.npy,label/513-mgc_superblue14-util_0.9.npy
