feature/399-mgc_superblue12-util_0.9.npy,label/399-mgc_superblue12-util_0.9.npy
feature/401-mgc_superblue12-util_0.7.npy,label/401-mgc_superblue12-util_0.7.npy
feature/402-mgc_superblue12-util_0.7.npy,label/402-mgc_superblue12-util_0.7.npy
feature/403-mgc_superblue12-util_0.7.npy,label/403-mgc_superblue12-util_0.7.npy
feature/404-mgc_superblue12-util_0.8.npy,label/404-mgc_superblue12-util_0.8.npy
feature/405-mgc_superblue12-util_0.85.npy,label/405-mgc_superblue12-util_0.85.npy
feature/406-mgc_superblue12-util_0.85.npy,label/406-mgc_superblue12-util_0.85.npy
feature/407-mgc_superblue12-util_0.9.npy,label/407-mgc_superblue12-util_0.9.npy
feature/408-mgc_superblue12-util_0.85.npy,label/408-mgc_superblue12-util_0.85.npy
feature/409-mgc_superblue12-util_0.85.npy,label/409-mgc_superblue12-util_0.85.npy
feature/410-mgc_superblue12-util_0.85.npy,label/410-mgc_superblue12-util_0.85.npy
feature/411-mgc_superblue12-util_0.75.npy,label/411-mgc_superblue12-util_0.75.npy
feature/412-mgc_superblue12-util_0.8.npy,label/412-mgc_superblue12-util_0.8.npy
feature/413-mgc_superblue12-util_0.8.npy,label/413-mgc_superblue12-util_0.8.npy
feature/414-mgc_superblue12-util_0.8.npy,label/414-mgc_superblue12-util_0.8.npy
feature/415-mgc_superblue12-util_0.75.npy,label/415-mgc_superblue12-util_0.75.npy
feature/416-mgc_superblue12-util_0.75.npy,label/416-mgc_superblue12-util_0.75.npy
feature/417-mgc_superblue12-util_0.8.npy,label/417-mgc_superblue12-util_0.8.npy
feature/418-mgc_superblue12-util_0.8.npy,label/418-mgc_superblue12-util_0.8.npy
feature/419-mgc_superblue12-util_0.85.npy,label/419-mgc_superblue12-util_0.85.npy
feature/420-mgc_superblue12-util_0.9.npy,label/420-mgc_superblue12-util_0.9.npy
feature/421-mgc_superblue12-util_0.9.npy,label/421-mgc_superblue12-util_0.9.npy
feature/422-mgc_superblue12-util_0.7.npy,label/422-mgc_superblue12-util_0.7.npy
feature/423-mgc_superblue12-util_0.75.npy,label/423-mgc_superblue12-util_0.75.npy
feature/424-mgc_superblue12-util_0.9.npy,label/424-mgc_superblue12-util_0.9.npy
feature/425-mgc_superblue12-util_0.7.npy,label/425-mgc_superblue12-util_0.7.npy
feature/426-mgc_superblue12-util_0.9.npy,label/426-mgc_superblue12-util_0.9.npy
feature/427-mgc_superblue12-util_0.7.npy,label/427-mgc_superblue12-util_0.7.npy
feature/428-mgc_superblue12-util_0.75.npy,label/428-mgc_superblue12-util_0.75.npy
feature/429-mgc_superblue12-util_0.75.npy,label/429-mgc_superblue12-util_0.75.npy
