feature/384-mgc_superblue19-util_0.75.npy,label/384-mgc_superblue19-util_0.75.npy
feature/385-mgc_superblue19-util_0.8.npy,label/385-mgc_superblue19-util_0.8.npy
feature/386-mgc_superblue19-util_0.9.npy,label/386-mgc_superblue19-util_0.9.npy
feature/387-mgc_superblue19-util_0.7.npy,label/387-mgc_superblue19-util_0.7.npy
feature/388-mgc_superblue19-util_0.8.npy,label/388-mgc_superblue19-util_0.8.npy
feature/389-mgc_superblue19-util_0.85.npy,label/389-mgc_superblue19-util_0.85.npy
feature/390-mgc_superblue19-util_0.85.npy,label/390-mgc_superblue19-util_0.85.npy
feature/391-mgc_superblue19-util_0.7.npy,label/391-mgc_superblue19-util_0.7.npy
feature/392-mgc_superblue19-util_0.85.npy,label/392-mgc_superblue19-util_0.85.npy
feature/393-mgc_superblue19-util_0.7.npy,label/393-mgc_superblue19-util_0.7.npy
feature/394-mgc_superblue19-util_0.75.npy,label/394-mgc_superblue19-util_0.75.npy
feature/395-mgc_superblue19-util_0.9.npy,label/395-mgc_superblue19-util_0.9.npy
feature/396-mgc_superblue19-util_0.9.npy,label/396-mgc_superblue19-util_0.9.npy
feature/397-mgc_superblue19-util_0.75.npy,label/397-mgc_superblue19-util_0.75.npy
feature/518-mgc_superblue19-util_0.85.npy,label/518-mgc_superblue19-util_0.85.npy
feature/519-mgc_superblue19-util_0.7.npy,label/519-mgc_superblue19-util_0.7.npy
feature/520-mgc_superblue19-util_0.75.npy,label/520-mgc_superblue19-util_0.75.npy
feature/521-mgc_superblue19-util_0.7.npy,label/521-mgc_superblue19-util_0.7.npy
feature/522-mgc_superblue19-util_0.9.npy,label/522-mgc_superblue19-util_0.9.npy
feature/523-mgc_superblue19-util_0.85.npy,label/523-mgc_superblue19-util_0.85.npy
feature/524-mgc_superblue19-util_0.75.npy,label/524-mgc_superblue19-util_0.75.npy
feature/525-mgc_superblue19-util_0.9.npy,label/525-mgc_superblue19-util_0.9.npy
feature/526-mgc_superblue19-util_0.8.npy,label/526-mgc_superblue19-util_0.8.npy
feature/527-mgc_superblue19-util_0.75.npy,label/527-mgc_superblue19-util_0.75.npy
feature/528-mgc_superblue19-util_0.9.npy,label/528-mgc_superblue19-util_0.9.npy
feature/529-mgc_superblue19-util_0.8.npy,label/529-mgc_superblue19-util_0.8.npy
feature/530-mgc_superblue19-util_0.7.npy,label/530-mgc_superblue19-util_0.7.npy
feature/531-mgc_superblue19-util_0.85.npy,label/531-mgc_superblue19-util_0.85.npy
feature/532-mgc_superblue19-util_0.8.npy,label/532-mgc_superblue19-util_0.8.npy
feature/533-mgc_superblue19-util_0.8.npy,label/533-mgc_superblue19-util_0.8.npy
